Workbook

Sheet IE
C2: EVALUACIÓN DIAGNÓSTICA INSTITUCIÓN EDUCATIVA: 40079 "Víctor Núñez Valencia" DISTRITO SACHACA
C3: Nivel de logro de las competencias
F4: MATEMÁTICA | J4: COMUNICACIÓN | M4: CIENCIA Y TECNOLOGÍA | P4: CIENCIAS SOCIALES | S4: DPCC | U4: EPT | V4: EDUCACIÓN FÍSICA | Y4: ARTE Y CULTURA | AA4: INGLES | AD4: EDUCACIÓN RELIGIOSA
C5: APELLIDOS Y NOMBRES DEL ESTUDIANTE | D5: GRADO | E5: SECCION | F5: C1 | G5: C2 | H5: C3 | I5: C4 | J5: C1 | K5: C2 | L5: C3 | M5: C1 | N5: C2 | O5: C3 | P5: C1 | Q5: C2 | R5: C3 | S5: C1 | T5: C2 | U5: C1 | V5: C1 | W5: C2 | X5: C3 | Y5: C1 | Z5: C2 | AA5: C1 | AB5: C2 | AC5: C3 | AD5: C1 | AE5: C2
A6: 1 | B6: 1 | C6: ALEJO LUPINTA, DIANA ABIGAIL | D6: 1 | E6: A | F6: A | G6: A | H6: B | I6: A | J6: A | K6: A | L6: A | M6: A | N6: A | O6: A | P6: A | Q6: B | R6: B | S6: A | T6: A | U6: A | V6: A | W6: A | X6: A | Y6: B | Z6: A | AA6: B | AB6: B | AC6: A | AD6: A | AE6: B
A7: 2 | B7: 2 | C7: ARCONDO HUAMAN, ISAAC RONALDINHO | D7: 1 | E7: A | F7: B | G7: C | H7: B | I7: B | J7: B | K7: B | L7: B | M7: B | N7: B | O7: C | P7: B | Q7: B | R7: B | S7: C | T7: C | U7: B | V7: B | W7: B | X7: A | Y7: B | Z7: A | AA7: C | AB7: C | AC7: C | AD7: C | AE7: B
A8: 3 | B8: 3 | C8: BALSA MAMANI, JHOSUE SAJAAT | D8: 1 | E8: A | F8: A | G8: A | H8: A | I8: A | J8: A | K8: A | L8: A | M8: A | N8: A | O8: A | P8: A | Q8: A | R8: B | S8: A | T8: A | U8: A | V8: A | W8: A | X8: A | Y8: A | Z8: A | AA8: A | AB8: B | AC8: B | AD8: A | AE8: B
A9: 4 | B9: 4 | C9: CALANCHO MAMANI, RIZIERI BEAUTY | D9: 1 | E9: A | F9: A | G9: B | H9: B | I9: B | J9: A | K9: A | L9: A | M9: B | N9: B | O9: A | P9: A | Q9: A | R9: B | S9: A | T9: B | U9: A | V9: B | W9: A | X9: A | Y9: B | Z9: A | AA9: B | AB9: B | AC9: B | AD9: A | AE9: B
A10: 5 | B10: 5 | C10: CHAMPE TACO, JUMY JAHAIRA | D10: 1 | E10: A | F10: B | G10: B | H10: B | I10: B | J10: A | K10: A | L10: A | M10: A | N10: B | O10: A | P10: B | Q10: B | R10: B | S10: A | T10: B | U10: B | V10: A | W10: B | X10: A | Y10: B | Z10: A | AA10: B | AB10: B | AC10: C | AD10: B | AE10: B
A11: 6 | B11: 6 | C11: CUTI SENCIA, AIXA AYSEL | D11: 1 | E11: A | F11: A | G11: A | H11: A | I11: A | J11: A | K11: A | L11: A | M11: A | N11: A | O11: A | P11: A | Q11: B | R11: B | S11: A | T11: B | U11: B | V11: B | W11: A | X11: A | Y11: A | Z11: B | AA11: B | AB11: B | AC11: B | AD11: B | AE11: B
A12: 7 | B12: 7 | C12: HUACARPUMA SULCA, BRITNEY ESTEFANY | D12: 1 | E12: A | F12: A | G12: A | H12: B | I12: A | J12: A | K12: A | L12: A | M12: A | N12: A | O12: A | P12: A | Q12: A | R12: A | S12: A | T12: A | U12: B | V12: A | W12: A | X12: A | Y12: A | Z12: A | AA12: A | AB12: B | AC12: A | AD12: B | AE12: B
A13: 8 | B13: 8 | C13: MAMANI CHALLCO, LENIN ANDRÉ | D13: 1 | E13: A | F13: B | G13: C | H13: B | I13: B | J13: B | K13: B | L13: B | M13: B | N13: B | O13: B | P13: B | Q13: B | R13: B | S13: C | T13: B | U13: B | V13: A | W13: B | X13: A | Y13: B | Z13: B | AA13: B | AB13: C | AC13: C | AD13: C | AE13: B
A14: 9 | B14: 9 | C14: MANTILLA MAYTA, BELINDA MAJU | D14: 1 | E14: A | F14: B | G14: B | H14: C | I14: B | J14: A | K14: A | L14: A | M14: A | N14: B | O14: A | P14: B | Q14: B | R14: B | S14: B | T14: A | U14: B | V14: B | W14: A | X14: A | Y14: B | Z14: A | AA14: B | AB14: B | AC14: C | AD14: A | AE14: B
A15: 10 | B15: 10 | C15: MOROCCO CCALLO, YOSELIN RUTH | D15: 1 | E15: A | F15: B | G15: B | H15: B | I15: B | J15: B | K15: B | L15: B | M15: B | N15: B | O15: A | P15: B | Q15: B | R15: B | S15: A | T15: B | U15: B | V15: A | W15: A | X15: A | Y15: B | Z15: A | AA15: B | AB15: B | AC15: C | AD15: B | AE15: B
A16: 11 | B16: 11 | C16: NINA CHUMBES, ARIANA NIKOL | D16: 1 | E16: A | F16: B | G16: B | H16: B | I16: B | J16: A | K16: A | L16: A | M16: B | N16: B | O16: A | P16: B | Q16: B | R16: C | S16: B | T16: A | U16: B | V16: A | W16: B | X16: A | Y16: A | Z16: A | AA16: B | AB16: B | AC16: C | AD16: B | AE16: B
A17: 12 | B17: 12 | C17: OCHOA MAMANI, ARELÍ BETSAYDA | D17: 1 | E17: A | F17: B | G17: B | H17: B | I17: C | J17: B | K17: B | L17: B | M17: B | N17: B | O17: B | P17: B | Q17: B | R17: B | S17: C | T17: C | U17: B | V17: B | W17: B | X17: A | Y17: A | Z17: A | AA17: C | AB17: C | AC17: C | AD17: C | AE17: B
... A232: 227 | B232: 26 | C232: ZARAVIA JARAMILLO, GRACE SAMARA | D232: 5 | E232: B | F232: AD | G232: A | H232: A | I232: A | J232: A | K232: A | L232: A | M232: A | N232: A | O232: A | P232: B | Q232: A | R232: A | S232: A | T232: A | U232: A | V232: A | W232: A | X232: A | Y232: A | Z232: A | AA232: A | AB232: A | AC232: A | AD232: A | AE232: B
C235: MAPAS DE CALOR | F235: 1 | G235: 2 | H235: 3 | I235: 4 | J235: 5 | K235: 6 | L235: 7 | M235: 8 | N235: 9 | O235: 10 | P235: 11 | Q235: 12 | R235: 13 | S235: 14 | T235: 15 | U235: 16 | V235: 17 | W235: 18 | X235: 19 | Y235: 20 | Z235: 21 | AA235: 22 | AB235: 23 | AC235: 24 | AD235: 25 | AE235: 26
C236: INICIO C | F236: =COUNTIF(F6:F231,"C") -> 27 | G236: =COUNTIF(G6:G231,"C") -> 43 | H236: =COUNTIF(H6:H231,"C") -> 31 | I236: =COUNTIF(I6:I231,"C") -> 17 | J236: =COUNTIF(J6:J231,"C") -> 3 | K236: =COUNTIF(K6:K231,"C") -> 7 | L236: =COUNTIF(L6:L231,"C") -> 4 | M236: =COUNTIF(M6:M231,"C") -> 7 | ... AE236: =COUNTIF(AE6:AE231,"C") -> 0
C237: PROCESO B | F237: =COUNTIF(F6:F231,"B") -> 95 | G237: =COUNTIF(G6:G231,"B") -> 94 | H237: =COUNTIF(H6:H231,"B") -> 110 | I237: =COUNTIF(I6:I231,"B") -> 112 | J237: =COUNTIF(J6:J231,"B") -> 86 | K237: =COUNTIF(K6:K231,"B") -> 91 | L237: =COUNTIF(L6:L231,"B") -> 123 | M237: =COUNTIF(M6:M231,"B") -> 89 | ... AE237: =COUNTIF(AE6:AE231,"B") -> 219
C238: LOGRO A | F238: =COUNTIF(F6:F231,"A") -> 91 | G238: =COUNTIF(G6:G231,"A") -> 84 | H238: =COUNTIF(H6:H231,"A") -> 75 | I238: =COUNTIF(I6:I231,"A") -> 83 | J238: =COUNTIF(J6:J231,"A") -> 132 | K238: =COUNTIF(K6:K231,"A") -> 117 | L238: =COUNTIF(L6:L231,"A") -> 96 | M238: =COUNTIF(M6:M231,"A") -> 130 | ... AE238: =COUNTIF(AE6:AE231,"A") -> 0
C239: LOGRO DESTACADO AD | F239: =COUNTIF(F6:F231,"AD") -> 13 | G239: =COUNTIF(G6:G231,"AD") -> 5 | H239: =COUNTIF(H6:H231,"AD") -> 10 | I239: =COUNTIF(I6:I231,"AD") -> 14 | J239: =COUNTIF(J6:J231,"AD") -> 5 | K239: =COUNTIF(K6:K231,"AD") -> 11 | L239: =COUNTIF(L6:L231,"AD") -> 3 | M239: =COUNTIF(M6:M231,"AD") -> 0 | ... AE239: =COUNTIF(AE6:AE231,"AD") -> 0

Sheet Por áreas
B27: MATEMÁTICA | C27: C1 | D27: C2 | E27: C3 | F27: C4 | J27: COMUNICACIÓN | K27: C1 | L27: C2 | M27: C3 | R27: CIENCIA Y TECNOLOGÍA | S27: C1 | T27: C2 | U27: C3 | AA27: CIENCIAS SOCIALES | AB27: C1 | AC27: C2 | AD27: C3 | AH27: DPCC | AI27: C1 | AJ27: C2 | AM27: EPT | AN27: C1 | AS27: ED.FÍSICA | AT27: C1 | AU27: C2 | AV27: C3 | BB27: ARTE | BC27: C1 | BD27: C2 | BJ27: INGLÉS | BK27: C1 | BL27: C2 | BM27: C3 | BR27: RELIGIÓN | BS27: C1 | BT27: C2
B28: INICIO C | C28: =IE!F236 -> 27 | D28: =IE!G236 -> 43 | E28: =IE!H236 -> 31 | F28: =IE!I236 -> 17 | J28: INICIO C | K28: =IE!J236 -> 3 | L28: =IE!K236 -> 7 | M28: =IE!L236 -> 4 | R28: INICIO C | S28: =IE!M236 -> 7 | T28: =IE!N236 -> 7 | U28: =IE!O236 -> 14 | AA28: INICIO C | AB28: =IE!P236 -> 27 | AC28: =IE!Q236 -> 20 | AD28: =IE!R236 -> 19 | AH28: INICIO C | AI28: =IE!S236 -> 28 | AJ28: =IE!T236 -> 22 | AM28: INICIO C | AN28: =IE!U236 -> 0 | AS28: INICIO C | AT28: =IE!V236 -> 0 | AU28: =IE!W236 -> 0 | AV28: =IE!X236 -> 0 | BB28: INICIO C | BC28: =IE!Y236 -> 13 | BD28: =IE!Z236 -> 5 | BJ28: INICIO C | BK28: =IE!AA236 -> 18 | BL28: =IE!AB236 -> 13 | BM28: =IE!AC236 -> 25 | BR28: INICIO C | BS28: =IE!AD236 -> 56 | BT28: =IE!AE236 -> 0
B29: PROCESO B | C29: =IE!F237 -> 95 | D29: =IE!G237 -> 94 | E29: =IE!H237 -> 110 | F29: =IE!I237 -> 112 | J29: PROCESO B | K29: =IE!J237 -> 86 | L29: =IE!K237 -> 91 | M29: =IE!L237 -> 123 | R29: PROCESO B | S29: =IE!M237 -> 89 | T29: =IE!N237 -> 76 | U29: =IE!O237 -> 49 | AA29: PROCESO B | AB29: =IE!P237 -> 129 | AC29: =IE!Q237 -> 136 | AD29: =IE!R237 -> 138 | AH29: PROCESO B | AI29: =IE!S237 -> 71 | AJ29: =IE!T237 -> 81 | AM29: PROCESO B | AN29: =IE!U237 -> 97 | AS29: PROCESO B | AT29: =IE!V237 -> 62 | AU29: =IE!W237 -> 56 | AV29: =IE!X237 -> 52 | BB29: PROCESO B | BC29: =IE!Y237 -> 75 | BD29: =IE!Z237 -> 66 | BJ29: PROCESO B | BK29: =IE!AA237 -> 110 | BL29: =IE!AB237 -> 111 | BM29: =IE!AC237 -> 98 | BR29: PROCESO B | BS29: =IE!AD237 -> 69 | BT29: =IE!AE237 -> 219
B30: LOGRO A | C30: =IE!F238 -> 91 | D30: =IE!G238 -> 84 | E30: =IE!H238 -> 75 | F30: =IE!I238 -> 83 | J30: LOGRO A | K30: =IE!J238 -> 132 | L30: =IE!K238 -> 117 | M30: =IE!L238 -> 96 | R30: LOGRO A | S30: =IE!M238 -> 130 | T30: =IE!N238 -> 143 | U30: =IE!O238 -> 163 | AA30: LOGRO A | AB30: =IE!P238 -> 70 | AC30: =IE!Q238 -> 70 | AD30: =IE!R238 -> 69 | AH30: LOGRO A | AI30: =IE!S238 -> 127 | AJ30: =IE!T238 -> 123 | AM30: LOGRO A | AN30: =IE!U238 -> 129 | AS30: LOGRO A | AT30: =IE!V238 -> 164 | AU30: =IE!W238 -> 170 | AV30: =IE!X238 -> 174 | BB30: LOGRO A | BC30: =IE!Y238 -> 133 | BD30: =IE!Z238 -> 147 | BJ30: LOGRO A | BK30: =IE!AA238 -> 95 | BL30: =IE!AB238 -> 101 | BM30: =IE!AC238 -> 102 | BR30: LOGRO A | BS30: =IE!AD238 -> 94 | BT30: =IE!AE238 -> 0
B31: LOGRO DESTACADO AD | C31: =IE!F239 -> 13 | D31: =IE!G239 -> 5 | E31: =IE!H239 -> 10 | F31: =IE!I239 -> 14 | J31: LOGRO DESTACADO AD | K31: =IE!J239 -> 5 | L31: =IE!K239 -> 11 | M31: =IE!L239 -> 3 | R31: LOGRO DESTACADO AD | S31: =IE!M239 -> 0 | T31: =IE!N239 -> 0 | U31: =IE!O239 -> 0 | AA31: LOGRO DESTACADO AD | AB31: =IE!P239 -> 0 | AC31: =IE!Q239 -> 0 | AD31: =IE!R239 -> 0 | AH31: LOGRO DESTACADO AD | AI31: =IE!S239 -> 0 | AJ31: =IE!T239 -> 0 | AM31: LOGRO DESTACADO AD | AN31: =IE!U239 -> 0 | AS31: LOGRO DESTACADO AD | AT31: =IE!V239 -> 0 | AU31: =IE!W239 -> 0 | AV31: =IE!X239 -> 0 | BB31: LOGRO DESTACADO AD | BC31: =IE!Y239 -> 5 | BD31: =IE!Z239 -> 8 | BJ31: LOGRO DESTACADO AD | BK31: =IE!AA239 -> 3 | BL31: =IE!AB239 -> 1 | BM31: =IE!AC239 -> 1 | BR31: LOGRO DESTACADO AD | BS31: =IE!AD239 -> 0 | BT31: =IE!AE239 -> 0

Sheet Reforzamiento
B2: EVALUACIÓN DIAGNÓSTICA INSTITUCIÓN EDUCATIVA: 40079 "Víctor Núñez Valencia" DISTRITO SACHACA
B3: Nivel de logro de las competencias
E4: MATEMÁTICA | I4: COMUNICACIÓN | L4: CIENCIA Y TECNOLOGÍA | O4: CIENCIAS SOCIALES | R4: DPCC | T4: EPT | U4: EDUCACIÓN FÍSICA | X4: ARTE Y CULTURA | Z4: INGLES | AC4: EDUCACIÓN RELIGIOSA
B5: APELLIDOS Y NOMBRES DEL ESTUDIANTE | C5: GRADO | D5: SECCION | E5: C1 | F5: C2 | G5: C3 | H5: C4 | I5: C1 | J5: C2 | K5: C3 | L5: C1 | M5: C2 | N5: C3 | O5: C1 | P5: C2 | Q5: C3 | R5: C1 | S5: C2 | T5: C1 | U5: C1 | V5: C2 | W5: C3 | X5: C1 | Y5: C2 | Z5: C1 | AA5: C2 | AB5: C3 | AC5: C1 | AD5: C2 | AE5: RR
A6: 1 | B6: ALEJO LUPINTA, DIANA ABIGAIL | C6: 1 | D6: A | E6: A | F6: A | G6: B | H6: A | I6: A | J6: A | K6: A | L6: A | M6: A | N6: A | O6: A | P6: B | Q6: B | R6: A | S6: A | T6: A | U6: A | V6: A | W6: A | X6: B | Y6: A | Z6: B | AA6: B | AB6: A | AC6: A | AD6: B | AE6: =+COUNTIF(E6:AD6,"C") -> 0
A7: 2 | B7: ARCONDO HUAMAN, ISAAC RONALDINHO | C7: 1 | D7: A | E7: B | F7: C | G7: B | H7: B | I7: B | J7: B | K7: B | L7: B | M7: B | N7: C | O7: B | P7: B | Q7: B | R7: C | S7: C | T7: B | U7: B | V7: B | W7: A | X7: B | Y7: A | Z7: C | AA7: C | AB7: C | AC7: C | AD7: B | AE7: =+COUNTIF(E7:AD7,"C") -> 8
A8: 3 | B8: BALSA MAMANI, JHOSUE SAJAAT | C8: 1 | D8: A | E8: A | F8: A | G8: A | H8: A | I8: A | J8: A | K8: A | L8: A | M8: A | N8: A | O8: A | P8: A | Q8: B | R8: A | S8: A | T8: A | U8: A | V8: A | W8: A | X8: A | Y8: A | Z8: A | AA8: B | AB8: B | AC8: A | AD8: B | AE8: =+COUNTIF(E8:AD8,"C") -> 0
A9: 4 | B9: CALANCHO MAMANI, RIZIERI BEAUTY | C9: 1 | D9: A | E9: A | F9: B | G9: B | H9: B | I9: A | J9: A | K9: A | L9: B | M9: B | N9: A | O9: A | P9: A | Q9: B | R9: A | S9: B | T9: A | U9: B | V9: A | W9: A | X9: B | Y9: A | Z9: B | AA9: B | AB9: B | AC9: A | AD9: B | AE9: =+COUNTIF(E9:AD9,"C") -> 0
A10: 5 | B10: CHAMPE TACO, JUMY JAHAIRA | C10: 1 | D10: A | E10: B | F10: B | G10: B | H10: B | I10: A | J10: A | K10: A | L10: A | M10: B | N10: A | O10: B | P10: B | Q10: B | R10: A | S10: B | T10: B | U10: A | V10: B | W10: A | X10: B | Y10: A | Z10: B | AA10: B | AB10: C | AC10: B | AD10: B | AE10: =+COUNTIF(E10:AD10,"C") -> 1
A11: 6 | B11: CUTI SENCIA, AIXA AYSEL | C11: 1 | D11: A | E11: A | F11: A | G11: A | H11: A | I11: A | J11: A | K11: A | L11: A | M11: A | N11: A | O11: A | P11: B | Q11: B | R11: A | S11: B | T11: B | U11: B | V11: A | W11: A | X11: A | Y11: B | Z11: B | AA11: B | AB11: B | AC11: B | AD11: B | AE11: =+COUNTIF(E11:AD11,"C") -> 0
A12: 7 | B12: HUACARPUMA SULCA, BRITNEY ESTEFANY | C12: 1 | D12: A | E12: A | F12: A | G12: B | H12: A | I12: A | J12: A | K12: A | L12: A | M12: A | N12: A | O12: A | P12: A | Q12: A | R12: A | S12: A | T12: B | U12: A | V12: A | W12: A | X12: A | Y12: A | Z12: A | AA12: B | AB12: A | AC12: B | AD12: B | AE12: =+COUNTIF(E12:AD12,"C") -> 0
A13: 8 | B13: MAMANI CHALLCO, LENIN ANDRÉ | C13: 1 | D13: A | E13: B | F13: C | G13: B | H13: B | I13: B | J13: B | K13: B | L13: B | M13: B | N13: B | O13: B | P13: B | Q13: B | R13: C | S13: B | T13: B | U13: A | V13: B | W13: A | X13: B | Y13: B | Z13: B | AA13: C | AB13: C | AC13: C | AD13: B | AE13: =+COUNTIF(E13:AD13,"C") -> 5
A14: 9 | B14: MANTILLA MAYTA, BELINDA MAJU | C14: 1 | D14: A | E14: B | F14: B | G14: C | H14: B | I14: A | J14: A | K14: A | L14: A | M14: B | N14: A | O14: B | P14: B | Q14: B | R14: B | S14: A | T14: B | U14: B | V14: A | W14: A | X14: B | Y14: A | Z14: B | AA14: B | AB14: C | AC14: A | AD14: B | AE14: =+COUNTIF(E14:AD14,"C") -> 2
A15: 10 | B15: MOROCCO CCALLO, YOSELIN RUTH | C15: 1 | D15: A | E15: B | F15: B | G15: B | H15: B | I15: B | J15: B | K15: B | L15: B | M15: B | N15: A | O15: B | P15: B | Q15: B | R15: A | S15: B | T15: B | U15: A | V15: A | W15: A | X15: B | Y15: A | Z15: B | AA15: B | AB15: C | AC15: B | AD15: B | AE15: =+COUNTIF(E15:AD15,"C") -> 1
A16: 11 | B16: NINA CHUMBES, ARIANA NIKOL | C16: 1 | D16: A | E16: B | F16: B | G16: B | H16: B | I16: A | J16: A | K16: A | L16: B | M16: B | N16: A | O16: B | P16: B | Q16: C | R16: B | S16: A | T16: B | U16: A | V16: B | W16: A | X16: A | Y16: A | Z16: B | AA16: B | AB16: C | AC16: B | AD16: B | AE16: =+COUNTIF(E16:AD16,"C") -> 2
A17: 12 | B17: OCHOA MAMANI, ARELÍ BETSAYDA | C17: 1 | D17: A | E17: B | F17: B | G17: B | H17: C | I17: B | J17: B | K17: B | L17: B | M17: B | N17: B | O17: B | P17: B | Q17: B | R17: C | S17: C | T17: B | U17: B | V17: B | W17: A | X17: A | Y17: A | Z17: C | AA17: C | AB17: C | AC17: C | AD17: B | AE17: =+COUNTIF(E17:AD17,"C") -> 7
... A231: 25 | B231: VILLANUEVA CHAVEZ, MILAGROS FRANCHESCA | C231: 5 | D231: B | E231: B | F231: B | G231: B | H231: B | I231: B | J231: B | K231: B | L231: A | M231: B | N231: A | O231: B | P231: B | Q231: B | R231: B | S231: A | T231: B | U231: B | V231: B | W231: B | X231: A | Y231: B | Z231: B | AA231: B | AB231: B | AC231: B | AD231: B | AE231: =+COUNTIF(E231:AD231,"C") -> 0
A232: 26 | B232: ZARAVIA JARAMILLO, GRACE SAMARA | C232: 5 | D232: B | E232: AD | F232: A | G232: A | H232: A | I232: A | J232: A | K232: A | L232: A | M232: A | N232: A | O232: B | P232: A | Q232: A | R232: A | S232: A | T232: A | U232: A | V232: A | W232: A | X232: A | Y232: A | Z232: A | AA232: A | AB232: A | AC232: A | AD232: B
B235: MAPAS DE CALOR | E235: 1 | F235: 2 | G235: 3 | H235: 4 | I235: 5 | J235: 6 | K235: 7 | L235: 8 | M235: 9 | N235: 10 | O235: 11 | P235: 12 | Q235: 13 | R235: 14 | S235: 15 | T235: 16 | U235: 17 | V235: 18 | W235: 19 | X235: 20 | Y235: 21 | Z235: 22 | AA235: 23 | AB235: 24 | AC235: 25 | AD235: 26
B236: INICIO C | E236: =COUNTIF(E6:E231,"C") -> 27 | F236: =COUNTIF(F6:F231,"C") -> 43 | G236: =COUNTIF(G6:G231,"C") -> 31 | H236: =COUNTIF(H6:H231,"C") -> 17 | I236: =COUNTIF(I6:I231,"C") -> 3 | J236: =COUNTIF(J6:J231,"C") -> 7 | K236: =COUNTIF(K6:K231,"C") -> 4 | L236: =COUNTIF(L6:L231,"C") -> 7 | ... AD236: =COUNTIF(AD6:AD231,"C") -> 0
B237: PROCESO B | E237: =COUNTIF(E6:E231,"B") -> 95 | F237: =COUNTIF(F6:F231,"B") -> 94 | G237: =COUNTIF(G6:G231,"B") -> 110 | H237: =COUNTIF(H6:H231,"B") -> 112 | I237: =COUNTIF(I6:I231,"B") -> 86 | J237: =COUNTIF(J6:J231,"B") -> 91 | K237: =COUNTIF(K6:K231,"B") -> 123 | L237: =COUNTIF(L6:L231,"B") -> 89 | ... AD237: =COUNTIF(AD6:AD231,"B") -> 219
B238: LOGRO A | E238: =COUNTIF(E6:E231,"A") -> 91 | F238: =COUNTIF(F6:F231,"A") -> 84 | G238: =COUNTIF(G6:G231,"A") -> 75 | H238: =COUNTIF(H6:H231,"A") -> 83 | I238: =COUNTIF(I6:I231,"A") -> 132 | J238: =COUNTIF(J6:J231,"A") -> 117 | K238: =COUNTIF(K6:K231,"A") -> 96 | L238: =COUNTIF(L6:L231,"A") -> 130 | ... AD238: =COUNTIF(AD6:AD231,"A") -> 0
B239: LOGRO DESTACADO AD | E239: =COUNTIF(E6:E231,"AD") -> 13 | F239: =COUNTIF(F6:F231,"AD") -> 5 | G239: =COUNTIF(G6:G231,"AD") -> 10 | H239: =COUNTIF(H6:H231,"AD") -> 14 | I239: =COUNTIF(I6:I231,"AD") -> 5 | J239: =COUNTIF(J6:J231,"AD") -> 11 | K239: =COUNTIF(K6:K231,"AD") -> 3 | L239: =COUNTIF(L6:L231,"AD") -> 0 | ... AD239: =COUNTIF(AD6:AD231,"AD") -> 0

Sheet Priorizados
C2: ESTUDIANTES PRIORIZADOS PARA REFORZAMIENTO - I BIMESTRE
C3: CANTIDAD DE COMPETENCIAS DESAPROBADAS
C6: N° | D6: =IE!C5 -> APELLIDOS Y NOMBRES DEL ESTUDIANTE | E6: =Reforzamiento!C5 -> GRADO | F6: =Reforzamiento!D5 -> SECCION | G6: =Reforzamiento!AE5 -> RR
B7: 1 | C7: 1 | D7: =IE!C104 -> PUMA QUISPE, FLOR GOYA | E7: =Reforzamiento!C104 -> 3 | F7: =Reforzamiento!D104 -> A | G7: =Reforzamiento!AE104 -> 14 | H7: N
B8: 2 | C8: 2 | D8: =IE!C95 -> CONDORI QUISPE, JHON MAXI | E8: =Reforzamiento!C95 -> 3 | F8: =Reforzamiento!D95 -> A | G8: =Reforzamiento!AE95 -> 12
B9: 3 | C9: 3 | D9: =IE!C56 -> OCHOA MAMANI, MARCO ANTONIO | E9: =Reforzamiento!C56 -> 2 | F9: =Reforzamiento!D56 -> A | G9: =Reforzamiento!AE56 -> 10
B10: 4 | C10: 4 | D10: =IE!C86 -> SANCA HUANACO, CHRIS JHOS | E10: =Reforzamiento!C86 -> 2 | F10: =Reforzamiento!D86 -> B | G10: =Reforzamiento!AE86 -> 10
B11: 5 | C11: 5 | D11: =IE!C195 -> HANCCO QUISPE, JUAN RODRIGO | E11: =Reforzamiento!C195 -> 5 | F11: =Reforzamiento!D195 -> A | G11: =Reforzamiento!AE195 -> 10
B12: 6 | C12: 6 | D12: =IE!C69 -> CALZADILLA TABEROA, JESUS ALEJANDRO | E12: =Reforzamiento!C69 -> 2 | F12: =Reforzamiento!D69 -> B | G12: =Reforzamiento!AE69 -> 9 | H12: N
B13: 7 | C13: 1 | D13: =IE!C7 -> ARCONDO HUAMAN, ISAAC RONALDINHO | E13: =Reforzamiento!C7 -> 1 | F13: =Reforzamiento!D7 -> A | G13: =Reforzamiento!AE7 -> 8 | H13: N
B14: 8 | C14: 2 | D14: =IE!C55 -> MANTILLA HUISA, JOSUE DAVID | E14: =Reforzamiento!C55 -> 2 | F14: =Reforzamiento!D55 -> A | G14: =Reforzamiento!AE55 -> 8
B15: 9 | C15: 3 | D15: =IE!C64 -> VILCA CAHUINA, FREDY MARLOM | E15: =Reforzamiento!C64 -> 2 | F15: =Reforzamiento!D64 -> A | G15: =Reforzamiento!AE64 -> 8
B16: 10 | C16: 4 | D16: =IE!C65 -> VILLANUEVA CHAVEZ, SAUL HERNAN | E16: =Reforzamiento!C65 -> 2 | F16: =Reforzamiento!D65 -> A | G16: =Reforzamiento!AE65 -> 8
B17: 11 | C17: 5 | D17: =IE!C97 -> FLORES CHUMBES, DANNY FRANK | E17: =Reforzamiento!C97 -> 3 | F17: =Reforzamiento!D97 -> A | G17: =Reforzamiento!AE97 -> 8
B18: 12 | C18: 6 | D18: =IE!C124 -> QUIJAHUAMAN HUARICALLO, DAYRON CHRISTIAN | E18: =Reforzamiento!C124 -> 3 | F18: =Reforzamiento!D124 -> B | G18: =Reforzamiento!AE124 -> 8
B19: 13 | C19: 7 | D19: =IE!C164 -> CRUZ QUICO, LUCIO MIGUEL | E19: =Reforzamiento!C164 -> 4 | F19: =Reforzamiento!D164 -> B | G19: =Reforzamiento!AE164 -> 8
B20: 14 | C20: 8 | D20: =IE!C17 -> OCHOA MAMANI, ARELÍ BETSAYDA | E20: =Reforzamiento!C17 -> 1 | F20: =Reforzamiento!D17 -> A | G20: =Reforzamiento!AE17 -> 7
B21: 15 | C21: 9 | D21: =IE!C47 -> CACERES JUAREZ, JHONNY IVAN | E21: =Reforzamiento!C47 -> 2 | F21: =Reforzamiento!D47 -> A | G21: =Reforzamiento!AE47 -> 7
B22: 16 | C22: 10 | D22: =IE!C90 -> TORRES CHOCO, MANUEL TONI | E22: =Reforzamiento!C90 -> 2 | F22: =Reforzamiento!D90 -> B | G22: =Reforzamiento!AE90 -> 7
B23: 17 | C23: 11 | D23: =IE!C203 -> MAMANI HUAYHUA, SALOME ESTRELLA | E23: =Reforzamiento!C203 -> 5 | F23: =Reforzamiento!D203 -> A | G23: =Reforzamiento!AE203 -> 7
B24: 18 | C24: 12 | D24: =IE!C67 -> YUCRA MENDOZA, YADIRA KAROL | E24: =Reforzamiento!C67 -> 2 | F24: =Reforzamiento!D67 -> A | G24: =Reforzamiento!AE67 -> 6 | H24: N
B25: 19 | C25: 13 | D25: =IE!C83 -> PAPEL HANCCO, JAIRO EDY | E25: =Reforzamiento!C83 -> 2 | F25: =Reforzamiento!D83 -> B | G25: =Reforzamiento!AE83 -> 6
B26: 20 | C26: 14 | D26: =IE!C100 -> HUAHUASONCCO HUACHO, ANALY YURIDI ANA | E26: =Reforzamiento!C100 -> 3 | F26: =Reforzamiento!D100 -> A | G26: =Reforzamiento!AE100 -> 6 | H26: N
B27: 21 | C27: 15 | D27: =IE!C166 -> GALARZA MAMANI, MAURICIO RENATO | E27: =Reforzamiento!C166 -> 4 | F27: =Reforzamiento!D166 -> B | G27: =Reforzamiento!AE166 -> 6
B28: 22 | C28: 16 | D28: =IE!C201 -> MAMANI CHALLCO, GEOBANI ANDERSON | E28: =Reforzamiento!C201 -> 5 | F28: =Reforzamiento!D201 -> A | G28: =Reforzamiento!AE201 -> 6
B29: 23 | C29: 17 | D29: =IE!C13 -> MAMANI CHALLCO, LENIN ANDRÉ | E29: =Reforzamiento!C13 -> 1 | F29: =Reforzamiento!D13 -> A | G29: =Reforzamiento!AE13 -> 5
B30: 24 | C30: 18 | D30: =IE!C19 -> PIZARRO CHARCA, FABRICIO NICOLAS | E30: =Reforzamiento!C19 -> 1 | F30: =Reforzamiento!D19 -> A | G30: =Reforzamiento!AE19 -> 5
B31: 25 | C31: 19 | D31: =IE!C52 -> GOMEZ HUAMANI, DANY GOEL | E31: =Reforzamiento!C52 -> 2 | F31: =Reforzamiento!D52 -> A | G31: =Reforzamiento!AE52 -> 5
B32: 26 | C32: 20 | D32: =IE!C57 -> PAUCAR HANAMPA, RONY GABRIEL | E32: =Reforzamiento!C57 -> 2 | F32: =Reforzamiento!D57 -> A | G32: =Reforzamiento!AE57 -> 5
B33: 27 | C33: 21 | D33: =IE!C62 -> VARGAS PAREDES, MILAGROS DEL CARMEN | E33: =Reforzamiento!C62 -> 2 | F33: =Reforzamiento!D62 -> A | G33: =Reforzamiento!AE62 -> 5 | H33: N
B34: 28 | C34: 22 | D34: =IE!C93 -> CAÑARI PUCHO, MAYKOL LEONARDO | E34: =Reforzamiento!C93 -> 3 | F34: =Reforzamiento!D93 -> A | G34: =Reforzamiento!AE93 -> 5
B35: 29 | C35: 23 | D35: =IE!C118 -> HUAYHUA CHOQUEHUANCA, BRAYAN JOSSIMAR | E35: =Reforzamiento!C118 -> 3 | F35: =Reforzamiento!D118 -> B | G35: =Reforzamiento!AE118 -> 5
B36: 30 | C36: 24 | D36: =IE!C125 -> QUISPE HUARACHA, FERNANDO JULIO | E36: =Reforzamiento!C125 -> 3 | F36: =Reforzamiento!D125 -> B | G36: =Reforzamiento!AE125 -> 5
B37: 31 | C37: 25 | D37: =IE!C141 -> LOPINTA HUAMANI, CLAUDIO YILMAR | E37: =Reforzamiento!C141 -> 4 | F37: =Reforzamiento!D141 -> A | G37: =Reforzamiento!AE141 -> 5
B38: 32 | C38: 26 | D38: =IE!C142 -> MOGROVEJO BOZA, JUAN DAVID | E38: =Reforzamiento!C142 -> 4 | F38: =Reforzamiento!D142 -> A | G38: =Reforzamiento!AE142 -> 5 | H38: N
B39: 33 | C39: 27 | D39: =IE!C154 -> ALEJO LUPINTA, DEISON FLEIDER | E39: =Reforzamiento!C154 -> 4 | F39: =Reforzamiento!D154 -> B | G39: =Reforzamiento!AE154 -> 5
B40: 34 | C40: 28 | D40: =IE!C171 -> MUCHA RIOS, LIAM ENRIQUE | E40: =Reforzamiento!C171 -> 4 | F40: =Reforzamiento!D171 -> B | G40: =Reforzamiento!AE171 -> 5 | H40: N
B41: 35 | C41: 29 | D41: =IE!C182 -> BALSA MAMANI, JAHIR ANDRE | E41: =Reforzamiento!C182 -> 5 | F41: =Reforzamiento!D182 -> A | G41: =Reforzamiento!AE182 -> 5
B42: 36 | C42: 30 | D42: =IE!C214 -> LANCHIPA CASQUINA, ELIAS JEREMIAS | E42: =Reforzamiento!C214 -> 5 | F42: =Reforzamiento!D214 -> B | G42: =Reforzamiento!AE214 -> 5
B43: 37 | C43: 31 | D43: =IE!C220 -> MOLINA TORRE, GERALDINE JAZMIN | E43: =Reforzamiento!C220 -> 5 | F43: =Reforzamiento!D220 -> B | G43: =Reforzamiento!AE220 -> 5 | H43: N
B44: 38 | C44: 32 | D44: =IE!C18 -> PAPEL HANCCO, JHOSIMAR JHOJAN | E44: =Reforzamiento!C18 -> 1 | F44: =Reforzamiento!D18 -> A | G44: =Reforzamiento!AE18 -> 4
B45: 39 | C45: 33 | D45: =IE!C46 -> CABRERA SOTO, SAMUEL | E45: =Reforzamiento!C46 -> 2 | F45: =Reforzamiento!D46 -> A | G45: =Reforzamiento!AE46 -> 4
B46: 40 | C46: 34 | D46: =IE!C88 -> SUERO MUÑOZ, KARINA | E46: =Reforzamiento!C88 -> 2 | F46: =Reforzamiento!D88 -> B | G46: =Reforzamiento!AE88 -> 4 | H46: N
B47: 41 | C47: 35 | D47: =IE!C109 -> VARGAS PAREDES, ANDERSON GABRIEL | E47: =Reforzamiento!C109 -> 3 | F47: =Reforzamiento!D109 -> A | G47: =Reforzamiento!AE109 -> 4 | H47: N
B48: 42 | C48: 36 | D48: =IE!C137 -> CRUZ ALARCON, MIRIAM JAEL | E48: =Reforzamiento!C137 -> 4 | F48: =Reforzamiento!D137 -> A | G48: =Reforzamiento!AE137 -> 4
B49: 43 | C49: 37 | D49: =IE!C143 -> PAUCAR ZAMORA, ANALY LUCERO | E49: =Reforzamiento!C143 -> 4 | F49: =Reforzamiento!D143 -> A | G49: =Reforzamiento!AE143 -> 4
B50: 44 | C50: 38 | D50: =IE!C146 -> QUISPE QUISPE, ELIAN MILITON | E50: =Reforzamiento!C146 -> 4 | F50: =Reforzamiento!D146 -> A | G50: =Reforzamiento!AE146 -> 4
B51: 45 | C51: 39 | D51: =IE!C148 -> SOTO JACINTO, JEFFERSON ANGEL | E51: =Reforzamiento!C148 -> 4 | F51: =Reforzamiento!D148 -> A | G51: =Reforzamiento!AE148 -> 4
B52: 46 | C52: 40 | D52: =IE!C174 -> PEQUEÑA DE LA CRUZ, MICHAEL ANTHONY | E52: =Reforzamiento!C174 -> 4 | F52: =Reforzamiento!D174 -> B | G52: =Reforzamiento!AE174 -> 4
B53: 47 | C53: 41 | D53: =IE!C208 -> CHANCUAÑA PARILLO, JEFFERSON DANIEL | E53: =Reforzamiento!C208 -> 5 | F53: =Reforzamiento!D208 -> B | G53: =Reforzamiento!AE208 -> 4
B54: 48 | C54: 42 | D54: =IE!C218 -> MEDINA BEGAZO, GADIEL KAZUKI | E54: =Reforzamiento!C218 -> 5 | F54: =Reforzamiento!D218 -> B | G54: =Reforzamiento!AE218 -> 4
B55: 49 | C55: 43 | D55: =IE!C23 -> VARGAS CHAMBI, FRANK DAYIRO | E55: =Reforzamiento!C23 -> 1 | F55: =Reforzamiento!D23 -> A | G55: =Reforzamiento!AE23 -> 3 | H55: N
B56: 50 | C56: 44 | D56: =IE!C45 -> BARRIGA BLEQUE, ANDRI DE JESUS | E56: =Reforzamiento!C45 -> 2 | F56: =Reforzamiento!D45 -> A | G56: =Reforzamiento!AE45 -> 3 | H56: N
B57: 51 | C57: 45 | D57: =IE!C60 -> RAMOS MAMANI, ANALIA | E57: =Reforzamiento!C60 -> 2 | F57: =Reforzamiento!D60 -> A | G57: =Reforzamiento!AE60 -> 3 | H57: N
B58: 52 | C58: 46 | D58: =IE!C78 -> LLASA RODRIGUEZ, ROSA DEL ROCIO | E58: =Reforzamiento!C78 -> 2 | F58: =Reforzamiento!D78 -> B | G58: =Reforzamiento!AE78 -> 3
B59: 53 | C59: 47 | D59: =IE!C84 -> PEREZ LARICO, CHRISTIAN GABRIEL | E59: =Reforzamiento!C84 -> 2 | F59: =Reforzamiento!D84 -> B | G59: =Reforzamiento!AE84 -> 3
B60: 54 | C60: 48 | D60: =IE!C85 -> QUECARA MACHACA, ABRAHAM | E60: =Reforzamiento!C85 -> 2 | F60: =Reforzamiento!D85 -> B | G60: =Reforzamiento!AE85 -> 3
B61: 55 | C61: 49 | D61: =IE!C102 -> PACOMPIA VILCA, LEONEL EMERSON | E61: =Reforzamiento!C102 -> 3 | F61: =Reforzamiento!D102 -> A | G61: =Reforzamiento!AE102 -> 3
B62: 56 | C62: 50 | D62: =IE!C116 -> CRUZ QUISPE, ALDAIR ADRIANO | E62: =Reforzamiento!C116 -> 3 | F62: =Reforzamiento!D116 -> B | G62: =Reforzamiento!AE116 -> 3 | H62: N
B63: 57 | C63: 51 | D63: =IE!C117 -> HANCCO PEREZ, DAMARYS LORENA | E63: =Reforzamiento!C117 -> 3 | F63: =Reforzamiento!D117 -> B | G63: =Reforzamiento!AE117 -> 3
B64: 58 | C64: 52 | D64: =IE!C120 -> MACHACA CHAVEZ, ALEJANDRO BRYAN | E64: =Reforzamiento!C120 -> 3 | F64: =Reforzamiento!D120 -> B | G64: =Reforzamiento!AE120 -> 3
B65: 59 | C65: 53 | D65: =IE!C133 -> APAZA SAMATA, NILDA | E65: =Reforzamiento!C133 -> 4 | F65: =Reforzamiento!D133 -> A | G65: =Reforzamiento!AE133 -> 3 | H65: N
B66: 60 | C66: 54 | D66: =IE!C140 -> GUILLEN SANCHEZ, MELANY GREIS | E66: =Reforzamiento!C140 -> 4 | F66: =Reforzamiento!D140 -> A | G66: =Reforzamiento!AE140 -> 3
B67: 61 | C67: 55 | D67: =IE!C163 -> CHAMBI ARACA, MELANY ANGELY | E67: =Reforzamiento!C163 -> 4 | F67: =Reforzamiento!D163 -> B | G67: =Reforzamiento!AE163 -> 3 | H67: N
B68: 62 | C68: 56 | D68: =IE!C212 -> HOLGUIN QUISPE, JOSEPH ALDAIR | E68: =Reforzamiento!C212 -> 5 | F68: =Reforzamiento!D212 -> B | G68: =Reforzamiento!AE212 -> 3
B69: 63 | C69: 57 | D69: =IE!C223 -> PINEDA CHAVEZ, PAOLO AHM JAE | E69: =Reforzamiento!C223 -> 5 | F69: =Reforzamiento!D223 -> B | G69: =Reforzamiento!AE223 -> 3
B70: 64 | C70: 1 | D70: =IE!C14 -> MANTILLA MAYTA, BELINDA MAJU | E70: =Reforzamiento!C14 -> 1 | F70: =Reforzamiento!D14 -> A | G70: =Reforzamiento!AE14 -> 2
B71: 65 | C71: 2 | D71: =IE!C16 -> NINA CHUMBES, ARIANA NIKOL | E71: =Reforzamiento!C16 -> 1 | F71: =Reforzamiento!D16 -> A | G71: =Reforzamiento!AE16 -> 2
B72: 66 | C72: 3 | D72: =IE!C38 -> OCORURO FERNANDEZ, ROSENDO ADRIAN | E72: =Reforzamiento!C38 -> 1 | F72: =Reforzamiento!D38 -> B | G72: =Reforzamiento!AE38 -> 2
B73: 67 | C73: 4 | D73: =IE!C70 -> CALZADILLA TABEROA, KENDRA MARIELYS | E73: =Reforzamiento!C70 -> 2 | F73: =Reforzamiento!D70 -> B | G73: =Reforzamiento!AE70 -> 2 | H73: N
B74: 68 | C74: 5 | D74: =IE!C72 -> CCOMPE BERRIOS, CANDY ESTHER | E74: =Reforzamiento!C72 -> 2 | F74: =Reforzamiento!D72 -> B | G74: =Reforzamiento!AE72 -> 2
B75: 69 | C75: 6 | D75: =IE!C74 -> GOMEZ CHAVEZ, ALIZEE DARLA | E75: =Reforzamiento!C74 -> 2 | F75: =Reforzamiento!D74 -> B | G75: =Reforzamiento!AE74 -> 2
B76: 70 | C76: 7 | D76: =IE!C77 -> LLAIQUE SIVINCHA, BRIGITTE SAMINTH | E76: =Reforzamiento!C77 -> 2 | F76: =Reforzamiento!D77 -> B | G76: =Reforzamiento!AE77 -> 2 | H76: N
B77: 71 | C77: 8 | D77: =IE!C87 -> SOTO JACINTO, JOSE LUIS | E77: =Reforzamiento!C87 -> 2 | F77: =Reforzamiento!D87 -> B | G77: =Reforzamiento!AE87 -> 2
B78: 72 | C78: 9 | D78: =IE!C89 -> TORRES AYMA, JEFFERSON | E78: =Reforzamiento!C89 -> 2 | F78: =Reforzamiento!D89 -> B | G78: =Reforzamiento!AE89 -> 2
B79: 73 | C79: 10 | D79: =IE!C101 -> MACAHUACHI ASPAJO, ROMELIA PIERINA | E79: =Reforzamiento!C101 -> 3 | F79: =Reforzamiento!D101 -> A | G79: =Reforzamiento!AE101 -> 2 | H79: N
B80: 74 | C80: 11 | D80: =IE!C128 -> VALVERDE JACINTO, BRIGITHE NAYSHA | E80: =Reforzamiento!C128 -> 3 | F80: =Reforzamiento!D128 -> B | G80: =Reforzamiento!AE128 -> 2
B81: 75 | C81: 12 | D81: =IE!C139 -> GALARZA QUISPE, CRIS NATHALY | E81: =Reforzamiento!C139 -> 4 | F81: =Reforzamiento!D139 -> A | G81: =Reforzamiento!AE139 -> 2
B82: 76 | C82: 13 | D82: =IE!C181 -> ARQQUE RAMIREZ, KATY GIMENA | E82: =Reforzamiento!C181 -> 5 | F82: =Reforzamiento!D181 -> A | G82: =Reforzamiento!AE181 -> 2
B83: 77 | C83: 14 | D83: =IE!C185 -> CALSIN VILCA, ANTONY FERNANDO | E83: =Reforzamiento!C185 -> 5 | F83: =Reforzamiento!D185 -> A | G83: =Reforzamiento!AE185 -> 2
B84: 78 | C84: 15 | D84: =IE!C200 -> MAMANI CARI, JAIMEX ANTONI | E84: =Reforzamiento!C200 -> 5 | F84: =Reforzamiento!D200 -> A | G84: =Reforzamiento!AE200 -> 2
B85: 79 | C85: 16 | D85: =IE!C209 -> CRUZ QUISPE, JAIR SEBASTIAN | E85: =Reforzamiento!C209 -> 5 | F85: =Reforzamiento!D209 -> B | G85: =Reforzamiento!AE209 -> 2
B86: 80 | C86: 17 | D86: =IE!C213 -> JULI AJROTA, LUCY MARIBEL | E86: =Reforzamiento!C213 -> 5 | F86: =Reforzamiento!D213 -> B | G86: =Reforzamiento!AE213 -> 2
B87: 81 | C87: 18 | D87: =IE!C228 -> SALAS PAREDES, ARIANA NIKOL | E87: =Reforzamiento!C228 -> 5 | F87: =Reforzamiento!D228 -> B | G87: =Reforzamiento!AE228 -> 2 | H87: N
B88: 82 | C88: 19 | D88: =IE!C10 -> CHAMPE TACO, JUMY JAHAIRA | E88: =Reforzamiento!C10 -> 1 | F88: =Reforzamiento!D10 -> A | G88: =Reforzamiento!AE10 -> 1
B89: 83 | C89: 20 | D89: =IE!C15 -> MOROCCO CCALLO, YOSELIN RUTH | E89: =Reforzamiento!C15 -> 1 | F89: =Reforzamiento!D15 -> A | G89: =Reforzamiento!AE15 -> 1
B90: 84 | C90: 21 | D90: =IE!C20 -> QUISPE YANA, TANIA ROSMERI | E90: =Reforzamiento!C20 -> 1 | F90: =Reforzamiento!D20 -> A | G90: =Reforzamiento!AE20 -> 1
B91: 85 | C91: 22 | D91: =IE!C42 -> QUISPE QUISPE, CORINA DIANA | E91: =Reforzamiento!C42 -> 1 | F91: =Reforzamiento!D42 -> B | G91: =Reforzamiento!AE42 -> 1 | H91: N
B92: 86 | C92: 23 | D92: =IE!C43 -> ROJO ATACO, JESUS | E92: =Reforzamiento!C43 -> 1 | F92: =Reforzamiento!D43 -> B | G92: =Reforzamiento!AE43 -> 1
B93: 87 | C93: 24 | D93: =IE!C44 -> ARISMENDI CUBA, GEANLUCA FABIAN | E93: =Reforzamiento!C44 -> 2 | F93: =Reforzamiento!D44 -> A | G93: =Reforzamiento!AE44 -> 1
B94: 88 | C94: 25 | D94: =IE!C48 -> CALSIN MAMANI, CINDY ROMINA | E94: =Reforzamiento!C48 -> 2 | F94: =Reforzamiento!D48 -> A | G94: =Reforzamiento!AE48 -> 1
B95: 89 | C95: 26 | D95: =IE!C50 -> CHIPANA VILLANUEVA, CHRISTOFER FAVIAN | E95: =Reforzamiento!C50 -> 2 | F95: =Reforzamiento!D50 -> A | G95: =Reforzamiento!AE50 -> 1 | H95: N
B96: 90 | C96: 27 | D96: =IE!C58 -> PUCHO ANCCORI, SHADY JIUNSU | E96: =Reforzamiento!C58 -> 2 | F96: =Reforzamiento!D58 -> A | G96: =Reforzamiento!AE58 -> 1
B97: 91 | C97: 28 | D97: =IE!C73 -> CHINO CHOQUE, SHEYLA YENNIFER CELIA | E97: =Reforzamiento!C73 -> 2 | F97: =Reforzamiento!D73 -> B | G97: =Reforzamiento!AE73 -> 1
B98: 92 | C98: 29 | D98: =IE!C79 -> MACHACA CHAMBI, GISELA | E98: =Reforzamiento!C79 -> 2 | F98: =Reforzamiento!D79 -> B | G98: =Reforzamiento!AE79 -> 1
B99: 93 | C99: 30 | D99: =IE!C81 -> MENDOZA CUSIHUAMAN, CIELO RAQUEL | E99: =Reforzamiento!C81 -> 2 | F99: =Reforzamiento!D81 -> B | G99: =Reforzamiento!AE81 -> 1
B100: 94 | C100: 31 | D100: =IE!C82 -> MUÑOZ ARQQUE, ANDERSON DEL PIERO | E100: =Reforzamiento!C82 -> 2 | F100: =Reforzamiento!D82 -> B | G100: =Reforzamiento!AE82 -> 1
B101: 95 | C101: 32 | D101: =IE!C96 -> ENDARA CHOQUE, HANZ FRANKLIN ABIHU | E101: =Reforzamiento!C96 -> 3 | F101: =Reforzamiento!D96 -> A | G101: =Reforzamiento!AE96 -> 1 | H101: N
B102: 96 | C102: 33 | D102: =IE!C113 -> CAÑAS BUENO, JASMELING DEL CARMEN | E102: =Reforzamiento!C113 -> 3 | F102: =Reforzamiento!D113 -> B | G102: =Reforzamiento!AE113 -> 1 | H102: N
B103: 97 | C103: 34 | D103: =IE!C114 -> CASTRO AROTAIPE, YOSENID NASHELY | E103: =Reforzamiento!C114 -> 3 | F103: =Reforzamiento!D114 -> B | G103: =Reforzamiento!AE114 -> 1
...

Sheet Salones
B2: EVALUACIÓN DIAGNÓSTICA INSTITUCIÓN EDUCATIVA: 40079 "Víctor Núñez Valencia" DISTRITO SACHACA
B3: Nivel de logro de las competencias
E4: MATEMÁTICA | I4: COMUNICACIÓN | L4: CIENCIA Y TECNOLOGÍA | O4: CIENCIAS SOCIALES | R4: DPCC | T4: EPT | U4: EDUCACIÓN FÍSICA | X4: ARTE Y CULTURA | Z4: INGLES | AC4: EDUCACIÓN RELIGIOSA
B5: APELLIDOS Y NOMBRES DEL ESTUDIANTE | C5: GRADO | D5: SECCION | E5: C1 | F5: C2 | G5: C3 | H5: C4 | I5: C1 | J5: C2 | K5: C3 | L5: C1 | M5: C2 | N5: C3 | O5: C1 | P5: C2 | Q5: C3 | R5: C1 | S5: C2 | T5: C1 | U5: C1 | V5: C2 | W5: C3 | X5: C1 | Y5: C2 | Z5: C1 | AA5: C2 | AB5: C3 | AC5: C1 | AD5: C2
A6: 1 | B6: ALEJO LUPINTA, DIANA ABIGAIL | C6: 1 | D6: A | E6: A | F6: A | G6: B | H6: A | I6: A | J6: A | K6: A | L6: A | M6: A | N6: A | O6: A | P6: B | Q6: B | R6: A | S6: A | T6: A | U6: A | V6: A | W6: A | X6: B | Y6: A | Z6: B | AA6: B | AB6: A | AC6: A | AD6: B
A7: 2 | B7: ARCONDO HUAMAN, ISAAC RONALDINHO | C7: 1 | D7: A | E7: B | F7: C | G7: B | H7: B | I7: B | J7: B | K7: B | L7: B | M7: B | N7: C | O7: B | P7: B | Q7: B | R7: C | S7: C | T7: B | U7: B | V7: B | W7: A | X7: B | Y7: A | Z7: C | AA7: C | AB7: C | AC7: C | AD7: B | AF7: AD | AG7: =COUNTIF(E6:AD23,"AD") -> 1
A8: 3 | B8: BALSA MAMANI, JHOSUE SAJAAT | C8: 1 | D8: A | E8: A | F8: A | G8: A | H8: A | I8: A | J8: A | K8: A | L8: A | M8: A | N8: A | O8: A | P8: A | Q8: B | R8: A | S8: A | T8: A | U8: A | V8: A | W8: A | X8: A | Y8: A | Z8: A | AA8: B | AB8: B | AC8: A | AD8: B | AF8: A | AG8: =COUNTIF(E6:AD23,"A") -> 192
A9: 4 | B9: CALANCHO MAMANI, RIZIERI BEAUTY | C9: 1 | D9: A | E9: A | F9: B | G9: B | H9: B | I9: A | J9: A | K9: A | L9: B | M9: B | N9: A | O9: A | P9: A | Q9: B | R9: A | S9: B | T9: A | U9: B | V9: A | W9: A | X9: B | Y9: A | Z9: B | AA9: B | AB9: B | AC9: A | AD9: B | AF9: B | AG9: =COUNTIF(E6:AD23,"B") -> 236
A10: 5 | B10: CHAMPE TACO, JUMY JAHAIRA | C10: 1 | D10: A | E10: B | F10: B | G10: B | H10: B | I10: A | J10: A | K10: A | L10: A | M10: B | N10: A | O10: B | P10: B | Q10: B | R10: A | S10: B | T10: B | U10: A | V10: B | W10: A | X10: B | Y10: A | Z10: B | AA10: B | AB10: C | AC10: B | AD10: B | AF10: C | AG10: =COUNTIF(E6:AD23,"C") -> 39
A11: 6 | B11: CUTI SENCIA, AIXA AYSEL | C11: 1 | D11: A | E11: A | F11: A | G11: A | H11: A | I11: A | J11: A | K11: A | L11: A | M11: A | N11: A | O11: A | P11: B | Q11: B | R11: A | S11: B | T11: B | U11: B | V11: A | W11: A | X11: A | Y11: B | Z11: B | AA11: B | AB11: B | AC11: B | AD11: B
A12: 7 | B12: HUACARPUMA SULCA, BRITNEY ESTEFANY | C12: 1 | D12: A | E12: A | F12: A | G12: B | H12: A | I12: A | J12: A | K12: A | L12: A | M12: A | N12: A | O12: A | P12: A | Q12: A | R12: A | S12: A | T12: B | U12: A | V12: A | W12: A | X12: A | Y12: A | Z12: A | AA12: B | AB12: A | AC12: B | AD12: B
A13: 8 | B13: MAMANI CHALLCO, LENIN ANDRÉ | C13: 1 | D13: A | E13: B | F13: C | G13: B | H13: B | I13: B | J13: B | K13: B | L13: B | M13: B | N13: B | O13: B | P13: B | Q13: B | R13: C | S13: B | T13: B | U13: A | V13: B | W13: A | X13: B | Y13: B | Z13: B | AA13: C | AB13: C | AC13: C | AD13: B
A14: 9 | B14: MANTILLA MAYTA, BELINDA MAJU | C14: 1 | D14: A | E14: B | F14: B | G14: C | H14: B | I14: A | J14: A | K14: A | L14: A | M14: B | N14: A | O14: B | P14: B | Q14: B | R14: B | S14: A | T14: B | U14: B | V14: A | W14: A | X14: B | Y14: A | Z14: B | AA14: B | AB14: C | AC14: A | AD14: B
A15: 10 | B15: MOROCCO CCALLO, YOSELIN RUTH | C15: 1 | D15: A | E15: B | F15: B | G15: B | H15: B | I15: B | J15: B | K15: B | L15: B | M15: B | N15: A | O15: B | P15: B | Q15: B | R15: A | S15: B | T15: B | U15: A | V15: A | W15: A | X15: B | Y15: A | Z15: B | AA15: B | AB15: C | AC15: B | AD15: B
A16: 11 | B16: NINA CHUMBES, ARIANA NIKOL | C16: 1 | D16: A | E16: B | F16: B | G16: B | H16: B | I16: A | J16: A | K16: A | L16: B | M16: B | N16: A | O16: B | P16: B | Q16: C | R16: B | S16: A | T16: B | U16: A | V16: B | W16: A | X16: A | Y16: A | Z16: B | AA16: B | AB16: C | AC16: B | AD16: B
A17: 12 | B17: OCHOA MAMANI, ARELÍ BETSAYDA | C17: 1 | D17: A | E17: B | F17: B | G17: B | H17: C | I17: B | J17: B | K17: B | L17: B | M17: B | N17: B | O17: B | P17: B | Q17: B | R17: C | S17: C | T17: B | U17: B | V17: B | W17: A | X17: A | Y17: A | Z17: C | AA17: C | AB17: C | AC17: C | AD17: B
A18: 13 | B18: PAPEL HANCCO, JHOSIMAR JHOJAN | C18: 1 | D18: A | E18: B | F18: B | G18: C | H18: B | I18: B | J18: B | K18: B | L18: B | M18: B | N18: B | O18: B | P18: B | Q18: B | R18: C | S18: C | T18: B | U18: B | V18: B | W18: A | X18: A | Y18: A | Z18: B | AA18: B | AB18: C | AC18: B | AD18: B
A19: 14 | B19: PIZARRO CHARCA, FABRICIO NICOLAS | C19: 1 | D19: A | E19: B | F19: C | G19: B | H19: B | I19: B | J19: B | K19: B | L19: B | M19: B | N19: B | O19: B | P19: B | Q19: B | R19: C | S19: C | T19: B | U19: A | V19: B | W19: A | X19: B | Y19: A | Z19: B | AA19: C | AB19: C | AC19: B | AD19: B
A20: 15 | B20: QUISPE YANA, TANIA ROSMERI | C20: 1 | D20: A | E20: B | F20: B | G20: B | H20: B | I20: B | J20: B | K20: B | L20: A | M20: B | N20: A | O20: B | P20: B | Q20: B | R20: A | S20: B | T20: B | U20: B | V20: A | W20: A | X20: A | Y20: A | Z20: B | AA20: B | AB20: C | AC20: A | AD20: B
A21: 16 | B21: SANDILLA PUMACALLAHUI, KRISTEL NAYSA | C21: 1 | D21: A | E21: B | F21: B | G21: B | H21: B | I21: A | J21: A | K21: A | L21: A | M21: A | N21: A | O21: A | P21: A | Q21: A | R21: A | S21: A | T21: A | U21: A | V21: A | W21: A | X21: A | Y21: A | Z21: A | AA21: B | AB21: A | AC21: A | AD21: B
A22: 17 | B22: VALLEJO APAZA, LUIS FERNANDO | C22: 1 | D22: A | E22: A | F22: A | G22: B | H22: A | I22: A | J22: A | K22: A | L22: A | M22: B | N22: A | O22: A | P22: A | Q22: B | R22: A | S22: A | T22: A | U22: A | V22: A | W22: A | X22: A | Y22: A | Z22: A | AA22: AD | AB22: A | AC22: A | AD22: B
... A26: 3 | B26: CASQUINO MOLLO, JUAN DIEGO | C26: 1 | D26: B | E26: B | F26: A | G26: B | H26: B | I26: B | J26: A | K26: B | L26: A | M26: A | N26: A | O26: A | P26: B | Q26: B | R26: A | S26: A | T26: B | U26: A | V26: A | W26: A | X26: A | Y26: A | Z26: A | AA26: B | AB26: B | AC26: A | AD26: B
A27: 4 | B27: CCALLA MAMANI, HARRINSON PAUL | C27: 1 | D27: B | E27: A | F27: A | G27: A | H27: A | I27: B | J27: B | K27: B | L27: B | M27: A | N27: A | O27: B | P27: B | Q27: B | R27: A | S27: A | T27: B | U27: A | V27: A | W27: A | X27: B | Y27: A | Z27: B | AA27: B | AB27: B | AC27: B | AD27: B | AF27: AD | AG27: =COUNTIF(E24:AD43,"AD") -> 2
A28: 5 | B28: CHANCOLLA SUCARI, JHON DREIK LIAM | C28: 1 | D28: B | E28: B | F28: B | G28: A | H28: B | I28: B | J28: B | K28: B | L28: A | M28: B | N28: A | O28: B | P28: B | Q28: B | R28: A | S28: A | T28: B | U28: A | V28: A | W28: A | X28: B | Y28: A | Z28: A | AA28: A | AB28: B | AC28: B | AD28: B | AF28: A | AG28: =COUNTIF(E24:AD43,"A") -> 288
A29: 6 | B29: CRUZ CALLASACA, MISHELL BRYANA | C29: 1 | D29: B | E29: A | F29: A | G29: B | H29: A | I29: B | J29: A | K29: B | L29: A | M29: B | N29: A | O29: B | P29: B | Q29: B | R29: B | S29: A | T29: B | U29: A | V29: A | W29: A | X29: A | Y29: A | Z29: A | AA29: A | AB29: A | AC29: B | AD29: B | AF29: B | AG29: =COUNTIF(E24:AD43,"B") -> 224
A30: 7 | B30: FLORES SUMERINDE, ANTHONNY CHRISTYAN | C30: 1 | D30: B | E30: B | F30: B | G30: A | H30: B | I30: A | J30: A | K30: B | L30: A | M30: B | N30: A | O30: A | P30: B | Q30: A | R30: A | S30: A | T30: B | U30: A | V30: A | W30: B | X30: A | Y30: A | Z30: A | AA30: A | AB30: A | AC30: B | AD30: B | AF30: C | AG30: =COUNTIF(E24:AD43,"C") -> 4
A31: 8 | B31: GALARZA QUISPE, LUZ YENNY | C31: 1 | D31: B | E31: A | F31: B | G31: B | H31: B | I31: A | J31: B | K31: B | L31: A | M31: B | N31: B | O31: B | P31: B | Q31: B | R31: A | S31: A | T31: A | U31: B | V31: A | W31: B | X31: B | Y31: A | Z31: A | AA31: A | AB31: A | AC31: A | AD31: B
A32: 9 | B32: HUARANCCA CONDORI, ALEXIS YOSUE | C32: 1 | D32: B | E32: A | F32: B | G32: B | H32: B | I32: B | J32: B | K32: A | L32: A | M32: A | N32: A | O32: A | P32: A | Q32: A | R32: A | S32: A | T32: B | U32: A | V32: A | W32: A | X32: A | Y32: A | Z32: B | AA32: B | AB32: B | AC32: B | AD32: B
A33: 10 | B33: LLERENA QUISPE, THIAGO ALESSANDRO | C33: 1 | D33: B | E33: A | F33: B | G33: A | H33: B | I33: B | J33: B | K33: B | L33: A | M33: A | N33: A | O33: B | P33: A | Q33: B | R33: A | S33: A | T33: A | U33: A | V33: A | W33: A | X33: A | Y33: A | Z33: B | AA33: B | AB33: A | AC33: A | AD33: B
A34: 11 | B34: MAMANI ARIAS, GABRIEL JESUS | C34: 1 | D34: B | E34: AD | F34: A | G34: A | H34: A | I34: A | J34: A | K34: A | L34: A | M34: A | N34: A | O34: A | P34: A | Q34: A | R34: A | S34: A | T34: A | U34: A | V34: A | W34: B | X34: A | Y34: A | Z34: A | AA34: A | AB34: A | AC34: A | AD34: B
A35: 12 | B35: MAMANI MENDOZA, BENYAMIN KEN | C35: 1 | D35: B | E35: A | F35: B | G35: A | H35: B | I35: A | J35: B | K35: B | L35: A | M35: A | N35: A | O35: A | P35: A | Q35: A | R35: A | S35: A | T35: A | U35: B | V35: A | W35: B | X35: B | Y35: A | Z35: B | AA35: B | AB35: B | AC35: B | AD35: B
A36: 13 | B36: MEDINA BEGAZO, GERHARD YOSHIRO | C36: 1 | D36: B | E36: B | F36: A | G36: B | H36: B | I36: A | J36: B | K36: B | L36: B | M36: A | N36: A | O36: B | P36: B | Q36: B | R36: B | S36: A | T36: A | U36: A | V36: A | W36: A | X36: A | Y36: A | Z36: A | AA36: A | AB36: B | AC36: B | AD36: B
A37: 14 | B37: MOLLO GONZALES, ESTHER JAZMÌN | C37: 1 | D37: B | E37: A | F37: A | G37: A | H37: A | I37: A | J37: A | K37: A | L37: A | M37: A | N37: A | O37: A | P37: A | Q37: A | R37: A | S37: A | T37: A | U37: B | V37: B | W37: A | X37: B | Y37: A | Z37: A | AA37: A | AB37: A | AC37: EXO | AD37: EXO
A38: 15 | B38: OCORURO FERNANDEZ, ROSENDO ADRIAN | C38: 1 | D38: B | E38: A | F38: B | G38: B | H38: A | I38: B | J38: B | K38: B | L38: A | M38: A | N38: A | O38: B | P38: B | Q38: B | R38: C | S38: B | T38: A | U38: A | V38: A | W38: A | X38: C | Y38: B | Z38: A | AA38: A | AB38: B | AC38: B | AD38: B
A39: 16 | B39: PACHA VILCA, VALENTINO RICARDO | C39: 1 | D39: B | E39: A | F39: B | G39: B | H39: B | I39: A | J39: B | K39: B | L39: B | M39: B | N39: A | O39: B | P39: B | Q39: B | R39: B | S39: B | T39: B | U39: A | V39: A | W39: B | X39: A | Y39: A | Z39: A | AA39: A | AB39: B | AC39: B | AD39: B
A40: 17 | B40: PERALTA QUISPE, MELANIA YIDDÁ | C40: 1 | D40: B | E40: B | F40: B | G40: B | H40: B | I40: A | J40: B | K40: B | L40: B | M40: A | N40: A | O40: B | P40: B | Q40: B | R40: A | S40: B | T40: A | U40: A | V40: A | W40: A | X40: B | Y40: A | Z40: A | AA40: A | AB40: B | AC40: B | AD40: B
A41: 18 | B41: PUCHO ALARCON, THIAGO JOSUE | C41: 1 | D41: B | E41: A | F41: B | G41: B | H41: B | I41: B | J41: B | K41: B | L41: A | M41: A | N41: A | O41: A | P41: B | Q41: A | R41: A | S41: A | T41: B | U41: B | V41: A | W41: A | X41: B | Y41: A | Z41: A | AA41: A | AB41: B | AC41: A | AD41: B
A42: 19 | B42: QUISPE QUISPE, CORINA DIANA | C42: 1 | D42: B | E42: A | F42: B | G42: B | H42: B | I42: B | J42: B | K42: B | L42: B | M42: A | N42: A | O42: B | P42: B | Q42: B | R42: A | S42: B | T42: A | U42: B | V42: A | W42: A | X42: A | Y42: A | Z42: B | AA42: C | AB42: B | AC42: B | AD42: B
... A48: 5 | B48: CALSIN MAMANI, CINDY ROMINA | C48: 2 | D48: A | E48: B | F48: B | G48: B | H48: B | I48: B | J48: B | K48: B | L48: B | M48: B | N48: A | O48: B | P48: B | Q48: B | R48: A | S48: B | T48: A | U48: A | V48: A | W48: A | X48: A | Y48: A | Z48: B | AA48: B | AB48: C | AC48: B | AD48: B
A49: 6 | B49: CCALLE CARDENAS, MARIANA DINA NIEVES | C49: 2 | D49: A | E49: A | F49: B | G49: A | H49: A | I49: A | J49: A | K49: A | L49: A | M49: A | N49: A | O49: A | P49: A | Q49: A | R49: A | S49: A | T49: A | U49: A | V49: A | W49: A | X49: A | Y49: A | Z49: A | AA49: A | AB49: A | AC49: A | AD49: B | AF49: AD | AG49: =COUNTIF(E44:AD67,"AD") -> 2
A50: 7 | B50: CHIPANA VILLANUEVA, CHRISTOFER FAVIAN | C50: 2 | D50: A | E50: B | F50: B | G50: B | H50: B | I50: A | J50: B | K50: B | L50: B | M50: A | N50: C | O50: B | P50: B | Q50: B | R50: B | S50: A | T50: A | U50: A | V50: A | W50: A | X50: A | Y50: A | Z50: A | AA50: A | AB50: A | AC50: B | AD50: B | AF50: A | AG50: =COUNTIF(E44:AD67,"A") -> 244
A51: 8 | B51: EDUARDO CARNERO, ARIANNA ALEJANDRA | C51: 2 | D51: A | E51: B | F51: B | G51: B | H51: B | I51: A | J51: A | K51: A | L51: B | M51: A | N51: A | O51: A | P51: A | Q51: A | R51: A | S51: A | T51: B | U51: A | V51: A | W51: A | X51: A | Y51: A | Z51: A | AA51: A | AB51: A | AC51: B | AD51: B | AF51: B | AG51: =COUNTIF(E44:AD67,"B") -> 298
A52: 9 | B52: GOMEZ HUAMANI, DANY GOEL | C52: 2 | D52: A | E52: B | F52: B | G52: B | H52: B | I52: B | J52: B | K52: B | L52: B | M52: B | N52: C | O52: B | P52: B | Q52: B | R52: C | S52: C | T52: A | U52: A | V52: A | W52: A | X52: B | Y52: A | Z52: C | AA52: B | AB52: C | AC52: B | AD52: B | AF52: C | AG52: =COUNTIF(E44:AD67,"C") -> 76
A53: 10 | B53: HUAMANI CHILO, AMILCAR ALEKEY | C53: 2 | D53: A | E53: B | F53: B | G53: B | H53: B | I53: A | J53: B | K53: B | L53: B | M53: B | N53: A | O53: B | P53: B | Q53: B | R53: B | S53: A | T53: A | U53: A | V53: A | W53: A | X53: A | Y53: B | Z53: A | AA53: B | AB53: B | AC53: B | AD53: B
A54: 11 | B54: MAMANI QUISPE, JESUS JOSUE ANDRE | C54: 2 | D54: A | E54: A | F54: A | G54: A | H54: A | I54: A | J54: A | K54: A | L54: A | M54: A | N54: A | O54: A | P54: A | Q54: A | R54: A | S54: B | T54: A | U54: B | V54: A | W54: B | X54: A | Y54: A | Z54: A | AA54: A | AB54: A | AC54: EXO | AD54: EXO
A55: 12 | B55: MANTILLA HUISA, JOSUE DAVID | C55: 2 | D55: A | E55: A | F55: B | G55: B | H55: B | I55: B | J55: B | K55: B | L55: B | M55: B | N55: C | O55: C | P55: C | Q55: B | R55: C | S55: C | T55: B | U55: B | V55: B | W55: B | X55: B | Y55: B | Z55: C | AA55: B | AB55: C | AC55: C | AD55: B
A56: 13 | B56: OCHOA MAMANI, MARCO ANTONIO | C56: 2 | D56: A | E56: B | F56: B | G56: B | H56: B | I56: B | J56: C | K56: B | L56: B | M56: B | N56: C | O56: C | P56: C | Q56: C | R56: C | S56: C | T56: B | U56: A | V56: A | W56: A | X56: B | Y56: B | Z56: B | AA56: C | AB56: C | AC56: C | AD56: B
A57: 14 | B57: PAUCAR HANAMPA, RONY GABRIEL | C57: 2 | D57: A | E57: A | F57: B | G57: B | H57: B | I57: B | J57: C | K57: A | L57: B | M57: B | N57: C | O57: A | P57: A | Q57: B | R57: B | S57: C | T57: B | U57: B | V57: A | W57: B | X57: B | Y57: A | Z57: C | AA57: B | AB57: B | AC57: C | AD57: B
A58: 15 | B58: PUCHO ANCCORI, SHADY JIUNSU | C58: 2 | D58: A | E58: A | F58: B | G58: B | H58: B | I58: A | J58: B | K58: B | L58: B | M58: B | N58: A | O58: B | P58: B | Q58: B | R58: A | S58: B | T58: B | U58: B | V58: A | W58: A | X58: B | Y58: B | Z58: B | AA58: B | AB58: B | AC58: C | AD58: B
A59: 16 | B59: QUISPE SUPO, DAYIRO SEBASTIAN | C59: 2 | D59: A | E59: B | F59: B | G59: B | H59: B | I59: B | J59: B | K59: B | L59: A | M59: A | N59: A | O59: B | P59: B | Q59: B | R59: A | S59: A | T59: B | U59: A | V59: A | W59: A | X59: A | Y59: A | Z59: B | AA59: B | AB59: B | AC59: B | AD59: B
A60: 17 | B60: RAMOS MAMANI, ANALIA | C60: 2 | D60: A | E60: B | F60: B | G60: B | H60: B | I60: C | J60: B | K60: B | L60: B | M60: B | N60: A | O60: B | P60: B | Q60: B | R60: B | S60: B | T60: B | U60: A | V60: A | W60: A | X60: A | Y60: A | Z60: C | AA60: C | AB60: B | AC60: B | AD60: B
A61: 18 | B61: TARIFA JULI, JESUS WILLIAN | C61: 2 | D61: A | E61: A | F61: A | G61: A | H61: A | I61: A | J61: A | K61: A | L61: A | M61: A | N61: A | O61: A | P61: A | Q61: A | R61: A | S61: A | T61: A | U61: A | V61: A | W61: A | X61: AD | Y61: AD | Z61: A | AA61: A | AB61: A | AC61: A | AD61: B
A62: 19 | B62: VARGAS PAREDES, MILAGROS DEL CARMEN | C62: 2 | D62: A | E62: B | F62: A | G62: B | H62: B | I62: B | J62: C | K62: C | L62: B | M62: B | N62: A | O62: B | P62: B | Q62: C | R62: B | S62: B | T62: B | U62: B | V62: A | W62: A | X62: A | Y62: A | Z62: C | AA62: B | AB62: B | AC62: C | AD62: B
A63: 20 | B63: VERA MAMANI, FATIMA MIRIELLE | C63: 2 | D63: A | E63: B | F63: B | G63: B | H63: B | I63: A | J63: B | K63: A | L63: A | M63: A | N63: A | O63: A | P63: A | Q63: A | R63: A | S63: B | T63: A | U63: A | V63: A | W63: B | X63: A | Y63: A | Z63: A | AA63: A | AB63: A | AC63: B | AD63: B
A64: 21 | B64: VILCA CAHUINA, FREDY MARLOM | C64: 2 | D64: A | E64: B | F64: A | G64: B | H64: B | I64: A | J64: B | K64: C | L64: B | M64: B | N64: C | O64: C | P64: C | Q64: B | R64: C | S64: C | T64: B | U64: A | V64: B | W64: A | X64: B | Y64: B | Z64: C | AA64: B | AB64: B | AC64: C | AD64: B
... A67: 24 | B67: YUCRA MENDOZA, YADIRA KAROL | C67: 2 | D67: A | E67: B | F67: C | G67: B | H67: B | I67: B | J67: B | K67: C | L67: B | M67: B | N67: C | O67: B | P67: B | Q67: B | R67: C | S67: B | T67: B | U67: B | V67: A | W67: A | X67: B | Y67: B | Z67: B | AA67: B | AB67: C | AC67: C | AD67: B
A68: 1 | B68: ARI CCASANI, NADIRA ROUSE | C68: 2 | D68: B | E68: B | F68: B | G68: B | H68: B | I68: B | J68: A | K68: A | L68: B | M68: B | N68: B | O68: B | P68: B | Q68: B | R68: B | S68: B | T68: B | U68: B | V68: A | W68: A | X68: A | Y68: A | Z68: B | AA68: B | AB68: B | AC68: B | AD68: B | AF68: AD | AG68: =COUNTIF(E68:AD90,"AD") -> 1
A69: 2 | B69: CALZADILLA TABEROA, JESUS ALEJANDRO | C69: 2 | D69: B | E69: B | F69: C | G69: B | H69: B | I69: B | J69: B | K69: B | L69: C | M69: B | N69: B | O69: C | P69: B | Q69: C | R69: C | S69: B | T69: B | U69: B | V69: B | W69: B | X69: B | Y69: C | Z69: C | AA69: B | AB69: C | AC69: C | AD69: B | AF69: A | AG69: =COUNTIF(E68:AD90,"A") -> 185
A70: 3 | B70: CALZADILLA TABEROA, KENDRA MARIELYS | C70: 2 | D70: B | E70: A | F70: B | G70: A | H70: B | I70: A | J70: A | K70: A | L70: C | M70: B | N70: A | O70: B | P70: B | Q70: B | R70: A | S70: A | T70: A | U70: B | V70: B | W70: B | X70: B | Y70: B | Z70: A | AA70: A | AB70: A | AC70: C | AD70: B | AF70: B | AG70: =COUNTIF(E68:AD90,"B") -> 351
A71: 4 | B71: CAÑARI PUCHO, YEFERSON RUBEN | C71: 2 | D71: B | E71: A | F71: B | G71: B | H71: B | I71: B | J71: B | K71: B | L71: B | M71: A | N71: B | O71: A | P71: A | Q71: A | R71: A | S71: A | T71: B | U71: A | V71: B | W71: B | X71: B | Y71: B | Z71: B | AA71: B | AB71: B | AC71: B | AD71: B | AF71: C | AG71: =COUNTIF(E68:AD90,"C") -> 61
A72: 5 | B72: CCOMPE BERRIOS, CANDY ESTHER | C72: 2 | D72: B | E72: A | F72: A | G72: A | H72: A | I72: B | J72: A | K72: A | L72: B | M72: A | N72: A | O72: B | P72: B | Q72: B | R72: B | S72: A | T72: B | U72: B | V72: B | W72: B | X72: B | Y72: A | Z72: B | AA72: C | AB72: B | AC72: C | AD72: B
A73: 6 | B73: CHINO CHOQUE, SHEYLA YENNIFER CELIA | C73: 2 | D73: B | E73: B | F73: B | G73: B | H73: B | I73: B | J73: B | K73: B | L73: A | M73: A | N73: B | O73: C | P73: B | Q73: B | R73: B | S73: A | T73: A | U73: A | V73: A | W73: A | X73: B | Y73: A | Z73: B | AA73: B | AB73: B | AC73: B | AD73: B
A74: 7 | B74: GOMEZ CHAVEZ, ALIZEE DARLA | C74: 2 | D74: B | E74: B | F74: C | G74: B | H74: B | I74: B | J74: A | K74: A | L74: B | M74: B | N74: B | O74: B | P74: B | Q74: B | R74: B | S74: B | T74: B | U74: A | V74: B | W74: B | X74: B | Y74: A | Z74: B | AA74: B | AB74: B | AC74: C | AD74: B
A75: 8 | B75: GUILLEN GONZALES, IZAMAR NAEDIA | C75: 2 | D75: B | E75: A | F75: A | G75: A | H75: A | I75: A | J75: A | K75: AD | L75: A | M75: A | N75: A | O75: A | P75: A | Q75: A | R75: A | S75: A | T75: A | U75: A | V75: A | W75: A | X75: A | Y75: A | Z75: A | AA75: A | AB75: A | AC75: A | AD75: B
A76: 9 | B76: HANCCO TITO, GUSTAVO | C76: 2 | D76: B | E76: A | F76: B | G76: B | H76: B | I76: B | J76: B | K76: B | L76: B | M76: B | N76: A | O76: B | P76: B | Q76: B | R76: B | S76: A | T76: A | U76: A | V76: A | W76: A | X76: A | Y76: B | Z76: B | AA76: B | AB76: B | AC76: B | AD76: B
A77: 10 | B77: LLAIQUE SIVINCHA, BRIGITTE SAMINTH | C77: 2 | D77: B | E77: B | F77: B | G77: B | H77: B | I77: B | J77: A | K77: A | L77: A | M77: B | N77: B | O77: B | P77: B | Q77: B | R77: B | S77: C | T77: B | U77: B | V77: A | W77: A | X77: B | Y77: A | Z77: A | AA77: B | AB77: B | AC77: C | AD77: B
A78: 11 | B78: LLASA RODRIGUEZ, ROSA DEL ROCIO | C78: 2 | D78: B | E78: B | F78: C | G78: B | H78: B | I78: B | J78: B | K78: B | L78: A | M78: A | N78: A | O78: B | P78: B | Q78: B | R78: B | S78: A | T78: B | U78: B | V78: A | W78: A | X78: A | Y78: A | Z78: C | AA78: B | AB78: B | AC78: C | AD78: B
A79: 12 | B79: MACHACA CHAMBI, GISELA | C79: 2 | D79: B | E79: A | F79: B | G79: B | H79: B | I79: B | J79: B | K79: B | L79: A | M79: A | N79: A | O79: B | P79: B | Q79: B | R79: A | S79: A | T79: B | U79: B | V79: A | W79: A | X79: A | Y79: A | Z79: C | AA79: B | AB79: B | AC79: A | AD79: B
A80: 13 | B80: MAYTA APAZA, EDDU SAMUEL | C80: 2 | D80: B | E80: A | F80: B | G80: A | H80: B | I80: A | J80: A | K80: A | L80: B | M80: A | N80: B | O80: B | P80: B | Q80: B | R80: A | S80: A | T80: B | U80: B | V80: A | W80: B | X80: B | Y80: B | Z80: B | AA80: A | AB80: A | AC80: B | AD80: B
A81: 14 | B81: MENDOZA CUSIHUAMAN, CIELO RAQUEL | C81: 2 | D81: B | E81: A | F81: A | G81: A | H81: A | I81: A | J81: A | K81: A | L81: B | M81: A | N81: A | O81: A | P81: A | Q81: A | R81: A | S81: A | T81: B | U81: A | V81: A | W81: A | X81: A | Y81: A | Z81: B | AA81: B | AB81: B | AC81: C | AD81: B
A82: 15 | B82: MUÑOZ ARQQUE, ANDERSON DEL PIERO | C82: 2 | D82: B | E82: B | F82: B | G82: B | H82: B | I82: B | J82: B | K82: B | L82: B | M82: C | N82: B | O82: B | P82: B | Q82: B | R82: B | S82: A | T82: A | U82: B | V82: A | W82: B | X82: A | Y82: B | Z82: B | AA82: B | AB82: B | AC82: B | AD82: B
A83: 16 | B83: PAPEL HANCCO, JAIRO EDY | C83: 2 | D83: B | E83: B | F83: C | G83: B | H83: B | I83: B | J83: B | K83: B | L83: B | M83: C | N83: B | O83: C | P83: C | Q83: B | R83: B | S83: B | T83: B | U83: B | V83: B | W83: B | X83: C | Y83: A | Z83: B | AA83: B | AB83: B | AC83: C | AD83: B
... A91: 1 | B91: APFATA SALHUA, SUMNY SHARON | C91: 3 | D91: A | E91: AD | F91: AD | G91: A | H91: AD | I91: A | J91: AD | K91: A | L91: A | M91: A | N91: A | O91: A | P91: A | Q91: A | R91: A | S91: A | T91: A | U91: B | V91: A | W91: B | X91: AD | Y91: AD | Z91: A | AA91: A | AB91: A | AC91: A | AD91: B
A92: 2 | B92: CALCINA NUÑEZ, LUANA YAMILE | C92: 3 | D92: A | E92: A | F92: A | G92: A | H92: AD | I92: AD | J92: AD | K92: A | L92: A | M92: A | N92: A | O92: A | P92: A | Q92: A | R92: A | S92: A | T92: A | U92: A | V92: A | W92: A | X92: A | Y92: A | Z92: A | AA92: A | AB92: A | AC92: B | AD92: B | AF92: AD | AG92: =COUNTIF(E91:AD109,"AD") -> 18
A93: 3 | B93: CAÑARI PUCHO, MAYKOL LEONARDO | C93: 3 | D93: A | E93: C | F93: B | G93: C | H93: C | I93: B | J93: A | K93: B | L93: B | M93: B | N93: B | O93: C | P93: B | Q93: B | R93: B | S93: B | T93: A | U93: A | V93: B | W93: B | X93: B | Y93: A | Z93: B | AA93: B | AB93: B | AC93: C | AD93: B | AF93: A | AG93: =COUNTIF(E91:AD109,"A") -> 251
A94: 4 | B94: CCAMA MAMANI, CRISTOPHER JOSUE | C94: 3 | D94: A | E94: AD | F94: A | G94: A | H94: A | I94: A | J94: AD | K94: A | L94: A | M94: A | N94: A | O94: A | P94: A | Q94: A | R94: A | S94: A | T94: A | U94: A | V94: B | W94: A | X94: A | Y94: A | Z94: A | AA94: A | AB94: A | AC94: A | AD94: B | AF94: B | AG94: =COUNTIF(E91:AD109,"B") -> 170
A95: 5 | B95: CONDORI QUISPE, JHON MAXI | C95: 3 | D95: A | E95: C | F95: C | G95: C | H95: C | I95: B | J95: B | K95: B | L95: B | M95: C | N95: C | O95: C | P95: C | Q95: B | R95: C | S95: C | T95: B | U95: B | V95: B | W95: B | X95: C | Y95: B | Z95: B | AA95: B | AB95: B | AC95: C | AD95: B | AF95: C | AG95: =COUNTIF(E91:AD109,"C") -> 55
A96: 6 | B96: ENDARA CHOQUE, HANZ FRANKLIN ABIHU | C96: 3 | D96: A | E96: A | F96: A | G96: A | H96: A | I96: A | J96: A | K96: A | L96: B | M96: A | N96: A | O96: A | P96: A | Q96: B | R96: B | S96: A | T96: A | U96: B | V96: B | W96: A | X96: B | Y96: A | Z96: A | AA96: B | AB96: B | AC96: C | AD96: B
A97: 7 | B97: FLORES CHUMBES, DANNY FRANK | C97: 3 | D97: A | E97: C | F97: C | G97: C | H97: C | I97: B | J97: B | K97: B | L97: A | M97: B | N97: B | O97: B | P97: B | Q97: B | R97: C | S97: C | T97: A | U97: A | V97: B | W97: B | X97: C | Y97: B | Z97: B | AA97: A | AB97: B | AC97: C | AD97: B
A98: 8 | B98: HANCCO PARI, ZAID DRENY | C98: 3 | D98: A | E98: B | F98: B | G98: B | H98: B | I98: A | J98: A | K98: B | L98: A | M98: A | N98: B | O98: B | P98: B | Q98: B | R98: A | S98: A | T98: A | U98: A | V98: A | W98: A | X98: B | Y98: B | Z98: B | AA98: B | AB98: A | AC98: B | AD98: B
A99: 9 | B99: HUACARPUMA LLAZA, MARY SAMIRA | C99: 3 | D99: A | E99: A | F99: A | G99: A | H99: A | I99: A | J99: AD | K99: A | L99: A | M99: A | N99: A | O99: A | P99: A | Q99: A | R99: A | S99: A | T99: A | U99: A | V99: A | W99: A | X99: A | Y99: AD | Z99: A | AA99: A | AB99: A | AC99: B | AD99: B
A100: 10 | B100: HUAHUASONCCO HUACHO, ANALY YURIDI ANA | C100: 3 | D100: A | E100: C | F100: C | G100: C | H100: C | I100: B | J100: B | K100: B | L100: B | M100: C | N100: B | O100: C | P100: B | Q100: B | R100: A | S100: A | T100: B | U100: A | V100: B | W100: A | X100: A | Y100: A | Z100: B | AA100: B | AB100: B | AC100: B | AD100: B
A101: 11 | B101: MACAHUACHI ASPAJO, ROMELIA PIERINA | C101: 3 | D101: A | E101: B | F101: B | G101: B | H101: B | I101: B | J101: B | K101: B | L101: B | M101: B | N101: B | O101: C | P101: B | Q101: B | R101: A | S101: A | T101: B | U101: A | V101: A | W101: A | X101: B | Y101: B | Z101: B | AA101: B | AB101: B | AC101: C | AD101: B
A102: 12 | B102: PACOMPIA VILCA, LEONEL EMERSON | C102: 3 | D102: A | E102: B | F102: C | G102: C | H102: B | I102: B | J102: A | K102: B | L102: B | M102: B | N102: A | O102: B | P102: B | Q102: B | R102: B | S102: A | T102: B | U102: A | V102: B | W102: A | X102: A | Y102: A | Z102: A | AA102: B | AB102: A | AC102: C | AD102: B
A103: 13 | B103: PUCHO ANCCORI, ADRIAN ERICK | C103: 3 | D103: A | E103: A | F103: A | G103: A | H103: A | I103: A | J103: B | K103: B | L103: B | M103: B | N103: A | O103: A | P103: A | Q103: A | R103: A | S103: A | T103: B | U103: A | V103: B | W103: A | X103: B | Y103: A | Z103: A | AA103: B | AB103: A | AC103: B | AD103: B
A104: 14 | B104: PUMA QUISPE, FLOR GOYA | C104: 3 | D104: A | E104: C | F104: C | G104: C | H104: C | I104: B | J104: C | K104: B | L104: B | M104: C | N104: C | O104: C | P104: B | Q104: C | R104: C | S104: C | T104: B | U104: A | V104: B | W104: A | X104: B | Y104: C | Z104: C | AA104: C | AB104: B | AC104: B | AD104: B
A105: 15 | B105: QUISPE GUTIERREZ, LIONEL OZIL | C105: 3 | D105: A | E105: AD | F105: AD | G105: A | H105: AD | I105: A | J105: A | K105: A | L105: A | M105: B | N105: A | O105: A | P105: A | Q105: A | R105: A | S105: A | T105: A | U105: A | V105: A | W105: A | X105: A | Y105: B | Z105: A | AA105: A | AB105: A | AC105: A | AD105: B
A106: 16 | B106: RODRIGUEZ APAZA, NURIA LIZ | C106: 3 | D106: A | E106: A | F106: A | G106: A | H106: A | I106: A | J106: A | K106: A | L106: A | M106: A | N106: A | O106: A | P106: A | Q106: A | R106: A | S106: A | T106: A | U106: A | V106: A | W106: A | X106: A | Y106: A | Z106: A | AA106: A | AB106: A | AC106: A | AD106: B
A107: 17 | B107: SUAREZ CALLE, ELIZABETH ALEXANDRA | C107: 3 | D107: A | E107: A | F107: A | G107: A | H107: A | I107: AD | J107: A | K107: A | L107: A | M107: A | N107: A | O107: A | P107: A | Q107: A | R107: B | S107: A | T107: A | U107: B | V107: A | W107: B | X107: A | Y107: A | Z107: A | AA107: A | AB107: A | AC107: A | AD107: B
... A114: 5 | B114: CASTRO AROTAIPE, YOSENID NASHELY | C114: 3 | D114: B | E114: B | F114: A | G114: B | H114: A | I114: AD | J114: AD | K114: A | L114: A | M114: A | N114: A | O114: B | P114: A | Q114: A | R114: A | S114: A | T114: A | U114: A | V114: A | W114: A | X114: A | Y114: A | Z114: A | AA114: A | AB114: A | AC114: C | AD114: B
A115: 6 | B115: CCAÑAHUA MENDOZA, JAZMIN ESTHER | C115: 3 | D115: B | E115: A | F115: A | G115: A | H115: A | I115: A | J115: A | K115: A | L115: A | M115: A | N115: A | O115: B | P115: A | Q115: A | R115: A | S115: A | T115: A | U115: A | V115: A | W115: B | X115: A | Y115: A | Z115: A | AA115: A | AB115: A | AC115: A | AD115: B | AF115: AD | AG115: =COUNTIF(E110:AD130,"AD") -> 5
A116: 7 | B116: CRUZ QUISPE, ALDAIR ADRIANO | C116: 3 | D116: B | E116: C | F116: B | G116: C | H116: B | I116: B | J116: B | K116: B | L116: A | M116: A | N116: B | O116: B | P116: C | Q116: B | R116: A | S116: B | T116: A | U116: B | V116: B | W116: B | X116: A | Y116: A | Z116: B | AA116: B | AB116: B | AC116: B | AD116: B | AF116: A | AG116: =COUNTIF(E110:AD130,"A") -> 270
A117: 8 | B117: HANCCO PEREZ, DAMARYS LORENA | C117: 3 | D117: B | E117: B | F117: C | G117: B | H117: B | I117: A | J117: A | K117: B | L117: A | M117: B | N117: A | O117: B | P117: B | Q117: B | R117: A | S117: A | T117: A | U117: A | V117: B | W117: A | X117: A | Y117: A | Z117: C | AA117: C | AB117: B | AC117: B | AD117: B | AF117: B | AG117: =COUNTIF(E110:AD130,"B") -> 236
A118: 9 | B118: HUAYHUA CHOQUEHUANCA, BRAYAN JOSSIMAR | C118: 3 | D118: B | E118: C | F118: B | G118: C | H118: B | I118: A | J118: B | K118: B | L118: B | M118: B | N118: B | O118: C | P118: A | Q118: B | R118: B | S118: A | T118: A | U118: B | V118: B | W118: B | X118: A | Y118: A | Z118: C | AA118: C | AB118: B | AC118: B | AD118: B | AF118: C | AG118: =COUNTIF(E110:AD130,"C") -> 33
A119: 10 | B119: LIMACHE SANDILLA, LUIS ALFREDO | C119: 3 | D119: B | E119: AD | F119: A | G119: A | H119: A | I119: A | J119: AD | K119: A | L119: A | M119: A | N119: A | O119: B | P119: A | Q119: A | R119: A | S119: A | T119: A | U119: B | V119: A | W119: A | X119: A | Y119: A | Z119: A | AA119: A | AB119: A | AC119: A | AD119: B
A120: 11 | B120: MACHACA CHAVEZ, ALEJANDRO BRYAN | C120: 3 | D120: B | E120: B | F120: B | G120: B | H120: B | I120: B | J120: B | K120: B | L120: B | M120: B | N120: B | O120: B | P120: B | Q120: C | R120: C | S120: B | T120: A | U120: B | V120: A | W120: B | X120: B | Y120: B | Z120: B | AA120: B | AB120: B | AC120: C | AD120: B
A121: 12 | B121: MAMANI ALDIVAR, SERGIO SNAYDER | C121: 3 | D121: B | E121: A | F121: A | G121: A | H121: A | I121: A | J121: A | K121: A | L121: A | M121: A | N121: A | O121: B | P121: A | Q121: B | R121: B | S121: B | T121: A | U121: A | V121: A | W121: B | X121: B | Y121: A | Z121: A | AA121: A | AB121: A | AC121: C | AD121: B
A122: 13 | B122: MAMANI VILCA, RODERICK DAVID | C122: 3 | D122: B | E122: A | F122: A | G122: A | H122: AD | I122: A | J122: A | K122: A | L122: A | M122: A | N122: A | O122: B | P122: B | Q122: A | R122: A | S122: A | T122: A | U122: A | V122: A | W122: A | X122: B | Y122: B | Z122: B | AA122: A | AB122: B | AC122: EXO | AD122: EXO
A123: 14 | B123: MENDOZA CONDORI, MARY LUZ | C123: 3 | D123: B | E123: B | F123: B | G123: A | H123: A | I123: A | J123: A | K123: B | L123: A | M123: A | N123: A | O123: C | P123: B | Q123: B | R123: A | S123: A | T123: B | U123: B | V123: A | W123: B | X123: B | Y123: B | Z123: B | AA123: B | AB123: A | AC123: B | AD123: B
A124: 15 | B124: QUIJAHUAMAN HUARICALLO, DAYRON CHRISTIAN | C124: 3 | D124: B | E124: C | F124: C | G124: C | H124: B | I124: B | J124: B | K124: B | L124: B | M124: B | N124: B | O124: C | P124: B | Q124: B | R124: C | S124: C | T124: A | U124: A | V124: A | W124: B | X124: C | Y124: B | Z124: B | AA124: B | AB124: B | AC124: C | AD124: B
...
